{
    "tables": [
        {
            "name": "Table1Up",
            "position": "upper",
            "chart_surface": "Buccal",
            "teeth": [
                {
                    "id": 17,
                    "implant": false,
                    "mobility": 0,
                    "furcation": {
                        "m": 0,
                        "d": 0,
                        "c": 0
                    },
                    "bleed_on_probing": {
                        "a": false,
                        "b": false,
                        "c": false
                    },
                    "plaque": {
                        "a": false,
                        "b": false,
                        "c": false
                    },
                    "gingival_depth": {
                        "a": 0,
                        "b": 0,
                        "c": 0
                    },
                    "probing_depth": {
                        "a": 0,
                        "b": 0,
                        "c": 0
                    }
                },
                {
                    "id": 16,
                    "implant": true,
                    "mobility": 0,
                    "furcation": {
                        "m": 0,
                        "d": 0,
                        "c": 0
                    },
                    "bleed_on_probing": {
                        "a": false,
                        "b": false,
                        "c": false
                    },
                    "plaque": {
                        "a": false,
                        "b": false,
                        "c": false
                    },
                    "gingival_depth": {
                        "a": 0,
                        "b": 0,
                        "c": 0
                    },
                    "probing_depth": {
                        "a": 0,
                        "b": 0,
                        "c": 0
                    }
                },
                {
                    "id": 18,
                    "mobility": 0,
                    "implant": true,
                    "furcation": {
                        "m": 0,
                        "d": 0,
                        "c": 0
                    },
                    "bleed_on_probing": {
                        "a": false,
                        "b": false,
                        "c": false
                    },
                    "plaque": {
                        "a": false,
                        "b": false,
                        "c": false
                    },
                    "gingival_depth": {
                        "a": 2,
                        "b": 2,
                        "c": 2
                    },
                    "probing_depth": {
                        "a": 1,
                        "b": 1,
                        "c": 1
                    }
                },
                {
                    "id": 14,
                    "mobility": 0,
                    "implant": false,
                    "furcation": {
                        "m": 0,
                        "d": 0,
                        "c": 0
                    },
                    "bleed_on_probing": {
                        "a": false,
                        "b": false,
                        "c": false
                    },
                    "plaque": {
                        "a": false,
                        "b": false,
                        "c": false
                    },
                    "gingival_depth": {
                        "a": 0,
                        "b": 0,
                        "c": 0
                    },
                    "probing_depth": {
                        "a": 0,
                        "b": 0,
                        "c": 0
                    }
                },
                {
                    "id": 13,
                    "mobility": 0,
                    "implant": false,
                    "furcation": {
                        "m": 0,
                        "d": 0,
                        "c": 0
                    },
                    "bleed_on_probing": {
                        "a": false,
                        "b": false,
                        "c": false
                    },
                    "plaque": {
                        "a": false,
                        "b": false,
                        "c": false
                    },
                    "gingival_depth": {
                        "a": 0,
                        "b": 0,
                        "c": 0
                    },
                    "probing_depth": {
                        "a": 0,
                        "b": 0,
                        "c": 0
                    }
                }
            ]
        },
        {
            "name": "Table1Down",
            "position": "upper",
            "chart_surface": "Palatal",
            "teeth": []
        },
        {
            "name": "Table2Up",
            "position": "lower",
            "chart_surface": "Lingual",
            "teeth": []
        },
        {
            "name": "Table2Down",
            "position": "lower",
            "chart_surface": "Buccal",
            "teeth": []
        }
    ]
}